sjgkjsnkv,this is a comment for you
sbnsjsfhg,ya ofcourse it isaemrflk 
nfkfkcjsf,this is another commnetamfnqaol 
jsnvsnfbb,i want to comment hereamoifrif
dnavkja, as i am learning sometingalmf mqo
sjgkjsnkv,this is a comment for youam qjwoiejf
sbnsjsfhg,ya ofcourse it isanvuavoiqenf 
nfkfkcjsf,this is another commnetnvjnavjnefjv esngkj
jsnvsnfbb,i want to comment herenBFBVRGTH
dnavkja, as i am learning someting habfjhfcbauyvbiueraowiuejr
sjgkjsnkv,this is a comment for you
sbnsjsfhg,ya ofcourse it isaemrflk 
nfkfkcjsf,this is another commnetamfnqaol 
jsnvsnfbb,i want to comment earvhereamoifrifakwhfe
dnavkja, as i am learning sometingalmf mqo
sjgkjsnkv,this is a comment e4tffor youam qjwoiejf
sbnsjsfhg,ya ofcourse it isanvuavoiqenf 
nfkfkcjsf,this is another commnetnvjnavjnefjv esngkj
jsnvsnfbb,i want to comment herenBFBVRGTH
dnavkja, as i am learning someting haawoiej
sjgkjsnkv,this is a commensgt for youahwfuej
sbnsjsfhg,ya ofcourse it isaemrflk akfj
nfkfkcjsf,this is another cqw4tosdbmmnetamfnqaol 
jsnvsnfbb,i want to commeafnt hereamoifrifakegnfk
dnavkja, as i am learning sometingalmf mqo
sjgkjsnkv,this is a comment for youam qjwoiejfajdsnfkv
sbnsjsfhg,ya ofcourse it isanvuavoiqenf 
nfkfkcjsf,this is another commnetnvjnavjnefjv esngkj
jsnvsnfbb,i want to comment herenBFBVRGTH
dnavkja, as i am learning someting hazmnsdvk
sjgkjsnkv,this is a comment for youawndf
sbnsjsfhg,ya ofcourse it isaemrflk 
nfkfkcjsf,this is another commnetamfnqaol 
jsnvsnfbb,i want to comment hereamoifrif
dnavkja, as i am learning sometingalmf mqoalwnfkkajhrgfkanl
sjgkjsnkv,this is a comment for youam qjwoiejf
sbnsjsfhg,ya ofcourse it isanvuavoiqenf 
nfkfkcjsf,this is another commnetnvjnavjnefjv esngkj
jsnvsnfbb,i want to comment herenBFBVRGTH
dnavkja, as i am learning someting aekrgnvha
